start_s,start_hms,end_s,end_hms,duration_s,participants,label,num_turns
0.0,00:00,3.4,00:03,3.4,"Max, Riad",Max <-> Riad,1
0.0,00:00,2.15,00:02,2.15,"Kush, Max",Kush <-> Max,1
0.01,00:00,3.31,00:03,3.3,"Alicia, Riad",Alicia <-> Riad,2
5.22,00:05,5.42,00:05,0.2,"Alicia, Kush",Alicia <-> Kush,1
6.08,00:06,6.52,00:07,0.44,"Kush, Max",Kush <-> Max,1
6.81,00:07,7.03,00:07,0.22,"Kush, Riad",Kush <-> Riad,1
7.82,00:08,8.24,00:08,0.42,"Alicia, Kush",Alicia <-> Kush,1
7.87,00:08,9.45,00:09,1.58,"Alicia, Kush, Max, Riad","Alicia, Kush, Max, Riad (group)",1
8.39,00:08,8.88,00:09,0.49,"Max, Riad",Max <-> Riad,2
8.6,00:09,9.44,00:09,0.84,"Alicia, Kush, Max, Riad","Alicia, Kush, Max, Riad (group)",1
9.21,00:09,10.2,00:10,0.99,"Alicia, Max, Riad","Alicia, Max, Riad (group)",2
10.09,00:10,10.85,00:11,0.76,"Alicia, Kush",Alicia <-> Kush,2
10.49,00:10,10.87,00:11,0.38,"Max, Riad",Max <-> Riad,2
12.04,00:12,12.34,00:12,0.3,"Alicia, Kush, Max","Alicia, Kush, Max (group)",1
12.6,00:13,12.9,00:13,0.3,"Max, Riad",Max <-> Riad,2
12.87,00:13,13.29,00:13,0.42,"Alicia, Kush",Alicia <-> Kush,2
13.29,00:13,13.81,00:14,0.52,"Max, Riad",Max <-> Riad,2
13.74,00:14,14.02,00:14,0.28,"Alicia, Kush",Alicia <-> Kush,2
14.11,00:14,15.01,00:15,0.9,"Max, Riad",Max <-> Riad,3
16.29,00:16,20.45,00:20,4.16,"Alicia, Kush, Max, Riad","Alicia, Kush, Max, Riad (group)",2
17.12,00:17,20.77,00:21,3.65,"Alicia, Kush",Alicia <-> Kush,3
18.69,00:19,19.33,00:19,0.64,"Max, Riad",Max <-> Riad,1
19.51,00:20,20.37,00:20,0.86,"Alicia, Kush, Max, Riad","Alicia, Kush, Max, Riad (group)",1
20.22,00:20,20.76,00:21,0.54,"Alicia, Kush",Alicia <-> Kush,1
20.58,00:21,21.97,00:22,1.39,"Alicia, Kush, Max, Riad","Alicia, Kush, Max, Riad (group)",2
20.92,00:21,21.45,00:21,0.53,"Alicia, Kush",Alicia <-> Kush,2
21.66,00:22,22.92,00:23,1.26,"Max, Riad",Max <-> Riad,3
22.86,00:23,24.75,00:25,1.89,"Alicia, Kush, Riad","Alicia, Kush, Riad (group)",3
24.29,00:24,25.33,00:25,1.04,"Max, Riad",Max <-> Riad,3
25.34,00:25,27.66,00:28,2.32,"Alicia, Kush, Max, Riad","Alicia, Kush, Max, Riad (group)",1
25.65,00:26,27.02,00:27,1.37,"Max, Riad",Max <-> Riad,2
25.9,00:26,27.6,00:28,1.7,"Alicia, Kush, Max, Riad","Alicia, Kush, Max, Riad (group)",1
27.95,00:28,28.52,00:29,0.57,"Max, Riad",Max <-> Riad,2
28.42,00:28,29.29,00:29,0.87,"Alicia, Kush, Max","Alicia, Kush, Max (group)",3
29.58,00:30,29.86,00:30,0.28,"Max, Riad",Max <-> Riad,2
30.07,00:30,30.32,00:30,0.25,"Alicia, Kush, Max, Riad","Alicia, Kush, Max, Riad (group)",1
30.08,00:30,31.52,00:32,1.44,"Max, Riad",Max <-> Riad,2
31.11,00:31,31.49,00:31,0.38,"Kush, Riad",Kush <-> Riad,1
31.11,00:31,31.5,00:32,0.39,"Alicia, Riad",Alicia <-> Riad,1
31.72,00:32,33.17,00:33,1.45,"Alicia, Kush",Alicia <-> Kush,4
32.8,00:33,33.06,00:33,0.26,"Max, Riad",Max <-> Riad,2
33.37,00:33,33.89,00:34,0.52,"Alicia, Kush",Alicia <-> Kush,2
33.67,00:34,33.89,00:34,0.22,"Alicia, Max",Alicia <-> Max,1
33.81,00:34,34.63,00:35,0.82,"Max, Riad",Max <-> Riad,2
34.3,00:34,36.19,00:36,1.89,"Alicia, Kush, Max, Riad","Alicia, Kush, Max, Riad (group)",1
35.15,00:35,37.06,00:37,1.91,"Max, Riad",Max <-> Riad,3
36.91,00:37,37.37,00:37,0.46,"Alicia, Kush",Alicia <-> Kush,2
37.67,00:38,38.6,00:39,0.93,"Max, Riad",Max <-> Riad,2
37.79,00:38,39.83,00:40,2.04,"Alicia, Kush, Riad","Alicia, Kush, Riad (group)",3
40.19,00:40,40.72,00:41,0.53,"Max, Riad",Max <-> Riad,2
40.67,00:41,43.07,00:43,2.4,"Alicia, Kush, Max, Riad","Alicia, Kush, Max, Riad (group)",2
40.97,00:41,42.1,00:42,1.13,"Max, Riad",Max <-> Riad,2
43.65,00:44,45.09,00:45,1.44,"Alicia, Kush",Alicia <-> Kush,2
43.85,00:44,44.81,00:45,0.96,"Max, Riad",Max <-> Riad,2
46.19,00:46,46.85,00:47,0.66,"Alicia, Kush",Alicia <-> Kush,2
46.82,00:47,47.39,00:47,0.57,"Kush, Max, Riad","Kush, Max, Riad (group)",1
47.41,00:47,48.55,00:49,1.14,"Alicia, Kush",Alicia <-> Kush,1
47.61,00:48,48.32,00:48,0.71,"Max, Riad",Max <-> Riad,1
47.74,00:48,47.97,00:48,0.23,"Alicia, Riad",Alicia <-> Riad,1
48.13,00:48,48.67,00:49,0.54,"Max, Riad",Max <-> Riad,1
48.18,00:48,48.51,00:49,0.33,"Alicia, Max",Alicia <-> Max,1
48.94,00:49,49.59,00:50,0.65,"Alicia, Kush",Alicia <-> Kush,2
50.18,00:50,50.53,00:51,0.35,"Max, Riad",Max <-> Riad,1
51.09,00:51,52.63,00:53,1.54,"Alicia, Kush",Alicia <-> Kush,2
51.97,00:52,53.34,00:53,1.37,"Max, Riad",Max <-> Riad,2
53.49,00:53,53.75,00:54,0.26,"Alicia, Kush",Alicia <-> Kush,1
53.49,00:53,54.32,00:54,0.83,"Alicia, Kush, Max, Riad","Alicia, Kush, Max, Riad (group)",2
54.0,00:54,55.32,00:55,1.32,"Alicia, Kush",Alicia <-> Kush,2
55.04,00:55,56.41,00:56,1.37,"Kush, Max, Riad","Kush, Max, Riad (group)",4
55.92,00:56,59.06,00:59,3.14,"Alicia, Kush",Alicia <-> Kush,2
57.19,00:57,57.56,00:58,0.37,"Max, Riad",Max <-> Riad,2
57.34,00:57,59.07,00:59,1.73,"Alicia, Kush",Alicia <-> Kush,1
57.98,00:58,59.73,01:00,1.75,"Kush, Max",Kush <-> Max,2
59.24,00:59,60.2,01:00,0.96,"Alicia, Kush, Max","Alicia, Kush, Max (group)",4
60.14,01:00,60.7,01:01,0.56,"Max, Riad",Max <-> Riad,1
60.37,01:00,61.53,01:02,1.16,"Alicia, Kush",Alicia <-> Kush,2
60.89,01:01,61.95,01:02,1.06,"Max, Riad",Max <-> Riad,2
62.16,01:02,62.65,01:03,0.49,"Alicia, Kush",Alicia <-> Kush,2
62.73,01:03,63.47,01:03,0.74,"Max, Riad",Max <-> Riad,2
63.37,01:03,63.63,01:04,0.26,"Alicia, Kush",Alicia <-> Kush,2
63.64,01:04,63.96,01:04,0.32,"Max, Riad",Max <-> Riad,1
63.93,01:04,64.36,01:04,0.43,"Alicia, Kush",Alicia <-> Kush,2
64.52,01:05,65.08,01:05,0.56,"Max, Riad",Max <-> Riad,2
64.78,01:05,65.35,01:05,0.57,"Alicia, Kush",Alicia <-> Kush,2
65.26,01:05,65.52,01:06,0.26,"Max, Riad",Max <-> Riad,1
65.52,01:06,68.04,01:08,2.52,"Alicia, Kush, Max, Riad","Alicia, Kush, Max, Riad (group)",2
66.09,01:06,66.79,01:07,0.7,"Alicia, Max, Riad","Alicia, Max, Riad (group)",2
66.57,01:07,67.42,01:07,0.85,"Alicia, Kush, Max","Alicia, Kush, Max (group)",3
67.26,01:07,67.67,01:08,0.41,"Max, Riad",Max <-> Riad,1
67.67,01:08,68.59,01:09,0.92,"Alicia, Kush",Alicia <-> Kush,2
68.33,01:08,69.64,01:10,1.31,"Max, Riad",Max <-> Riad,4
69.98,01:10,70.66,01:11,0.68,"Alicia, Kush",Alicia <-> Kush,2
70.4,01:10,71.43,01:11,1.03,"Max, Riad",Max <-> Riad,1
70.46,01:10,71.41,01:11,0.95,"Alicia, Max",Alicia <-> Max,1
71.93,01:12,77.0,01:17,5.07,"Alicia, Kush, Max, Riad","Alicia, Kush, Max, Riad (group)",6
74.76,01:15,75.86,01:16,1.1,"Alicia, Kush, Max, Riad","Alicia, Kush, Max, Riad (group)",2
74.76,01:15,76.44,01:16,1.68,"Alicia, Kush",Alicia <-> Kush,2
76.14,01:16,76.83,01:17,0.69,"Alicia, Kush, Max, Riad","Alicia, Kush, Max, Riad (group)",1
76.14,01:16,76.92,01:17,0.78,"Max, Riad",Max <-> Riad,1
77.59,01:18,78.74,01:19,1.15,"Alicia, Kush, Riad","Alicia, Kush, Riad (group)",2
77.88,01:18,79.78,01:20,1.9,"Alicia, Kush, Max, Riad","Alicia, Kush, Max, Riad (group)",6
79.76,01:20,80.3,01:20,0.54,"Max, Riad",Max <-> Riad,2
80.27,01:20,80.78,01:21,0.51,"Alicia, Kush",Alicia <-> Kush,2
80.75,01:21,81.56,01:22,0.81,"Alicia, Max, Riad","Alicia, Max, Riad (group)",2
83.01,01:23,83.34,01:23,0.33,"Alicia, Kush",Alicia <-> Kush,2
85.43,01:25,85.69,01:26,0.26,"Kush, Max",Kush <-> Max,1
85.52,01:26,86.27,01:26,0.75,"Alicia, Kush",Alicia <-> Kush,2
86.05,01:26,87.83,01:28,1.78,"Alicia, Kush, Max, Riad","Alicia, Kush, Max, Riad (group)",1
86.06,01:26,86.77,01:27,0.71,"Max, Riad",Max <-> Riad,1
87.78,01:28,88.16,01:28,0.38,"Alicia, Kush",Alicia <-> Kush,2
88.04,01:28,88.77,01:29,0.73,"Max, Riad",Max <-> Riad,1
90.14,01:30,90.5,01:30,0.36,"Alicia, Riad",Alicia <-> Riad,1
90.25,01:30,90.52,01:31,0.27,"Alicia, Kush",Alicia <-> Kush,1
90.69,01:31,92.45,01:32,1.76,"Alicia, Kush, Max, Riad","Alicia, Kush, Max, Riad (group)",7
93.54,01:34,94.63,01:35,1.09,"Alicia, Kush, Max, Riad","Alicia, Kush, Max, Riad (group)",1
93.99,01:34,94.78,01:35,0.79,"Max, Riad",Max <-> Riad,1
94.81,01:35,97.01,01:37,2.2,"Alicia, Kush",Alicia <-> Kush,2
95.31,01:35,97.45,01:37,2.14,"Alicia, Kush, Max, Riad","Alicia, Kush, Max, Riad (group)",3
97.05,01:37,98.66,01:39,1.61,"Alicia, Max",Alicia <-> Max,1
97.19,01:37,97.61,01:38,0.42,"Alicia, Kush",Alicia <-> Kush,1
97.64,01:38,99.37,01:39,1.73,"Alicia, Kush, Max, Riad","Alicia, Kush, Max, Riad (group)",3
98.54,01:39,99.88,01:40,1.34,"Kush, Max, Riad","Kush, Max, Riad (group)",3
99.94,01:40,102.01,01:42,2.07,"Alicia, Kush",Alicia <-> Kush,1
100.05,01:40,100.65,01:41,0.6,"Alicia, Riad",Alicia <-> Riad,1
100.44,01:40,101.16,01:41,0.72,"Alicia, Max",Alicia <-> Max,1
100.44,01:40,101.91,01:42,1.47,"Alicia, Kush",Alicia <-> Kush,1
100.88,01:41,102.44,01:42,1.56,"Alicia, Kush, Max, Riad","Alicia, Kush, Max, Riad (group)",1
102.02,01:42,102.3,01:42,0.28,"Max, Riad",Max <-> Riad,1
102.25,01:42,102.88,01:43,0.63,"Alicia, Kush, Max","Alicia, Kush, Max (group)",2
102.75,01:43,103.33,01:43,0.58,"Max, Riad",Max <-> Riad,2
103.09,01:43,103.93,01:44,0.84,"Alicia, Kush, Max","Alicia, Kush, Max (group)",2
103.86,01:44,104.47,01:44,0.61,"Alicia, Kush, Max, Riad","Alicia, Kush, Max, Riad (group)",1
103.94,01:44,104.42,01:44,0.48,"Max, Riad",Max <-> Riad,1
104.02,01:44,104.75,01:45,0.73,"Alicia, Max",Alicia <-> Max,1
104.74,01:45,106.59,01:47,1.85,"Alicia, Kush",Alicia <-> Kush,1
105.24,01:45,106.73,01:47,1.49,"Alicia, Max, Riad","Alicia, Max, Riad (group)",3
106.38,01:46,106.61,01:47,0.23,"Alicia, Riad",Alicia <-> Riad,1
106.86,01:47,107.12,01:47,0.26,"Alicia, Max",Alicia <-> Max,2
107.15,01:47,108.76,01:49,1.61,"Alicia, Kush",Alicia <-> Kush,1
107.35,01:47,110.67,01:51,3.32,"Alicia, Max, Riad","Alicia, Max, Riad (group)",6
109.14,01:49,110.46,01:50,1.32,"Alicia, Kush",Alicia <-> Kush,1
109.24,01:49,110.16,01:50,0.92,"Alicia, Max",Alicia <-> Max,1
109.64,01:50,110.96,01:51,1.32,"Max, Riad",Max <-> Riad,1
111.1,01:51,111.89,01:52,0.79,"Alicia, Max",Alicia <-> Max,2
111.66,01:52,112.85,01:53,1.19,"Alicia, Kush",Alicia <-> Kush,1
112.13,01:52,112.38,01:52,0.25,"Kush, Max",Kush <-> Max,1
112.21,01:52,113.05,01:53,0.84,"Alicia, Riad",Alicia <-> Riad,1
112.59,01:53,113.11,01:53,0.52,"Alicia, Max",Alicia <-> Max,1
113.28,01:53,113.6,01:54,0.32,"Max, Riad",Max <-> Riad,1
113.76,01:54,114.1,01:54,0.34,"Alicia, Kush",Alicia <-> Kush,1
114.22,01:54,114.6,01:55,0.38,"Max, Riad",Max <-> Riad,1
114.71,01:55,116.1,01:56,1.39,"Alicia, Max",Alicia <-> Max,1
115.05,01:55,115.75,01:56,0.7,"Alicia, Kush",Alicia <-> Kush,1
115.53,01:56,116.01,01:56,0.48,"Max, Riad",Max <-> Riad,2
116.26,01:56,117.0,01:57,0.74,"Alicia, Kush",Alicia <-> Kush,2
116.83,01:57,117.54,01:58,0.71,"Kush, Max, Riad","Kush, Max, Riad (group)",1
117.28,01:57,117.9,01:58,0.62,"Alicia, Kush",Alicia <-> Kush,2
117.73,01:58,118.31,01:58,0.58,"Max, Riad",Max <-> Riad,2
118.53,01:59,119.37,01:59,0.84,"Alicia, Kush",Alicia <-> Kush,2
119.01,01:59,122.04,02:02,3.03,"Alicia, Riad",Alicia <-> Riad,1
119.09,01:59,119.95,02:00,0.86,"Max, Riad",Max <-> Riad,1
119.95,02:00,121.52,02:02,1.57,"Alicia, Kush",Alicia <-> Kush,3
121.35,02:01,122.43,02:02,1.08,"Alicia, Max",Alicia <-> Max,3
122.58,02:03,123.38,02:03,0.8,"Alicia, Kush",Alicia <-> Kush,1
122.97,02:03,123.89,02:04,0.92,"Max, Riad",Max <-> Riad,1
123.66,02:04,124.22,02:04,0.56,"Alicia, Kush",Alicia <-> Kush,2
124.13,02:04,125.06,02:05,0.93,"Max, Riad",Max <-> Riad,2
125.46,02:05,125.91,02:06,0.45,"Alicia, Kush",Alicia <-> Kush,2
126.01,02:06,126.26,02:06,0.25,"Kush, Max",Kush <-> Max,1
126.15,02:06,126.64,02:07,0.49,"Alicia, Kush",Alicia <-> Kush,2
126.71,02:07,127.86,02:08,1.15,"Alicia, Max, Riad","Alicia, Max, Riad (group)",3
127.82,02:08,128.36,02:08,0.54,"Kush, Max",Kush <-> Max,1
127.96,02:08,129.22,02:09,1.26,"Alicia, Kush",Alicia <-> Kush,2
128.85,02:09,129.63,02:10,0.78,"Alicia, Max, Riad","Alicia, Max, Riad (group)",2
129.52,02:10,131.05,02:11,1.53,"Alicia, Kush",Alicia <-> Kush,3
130.96,02:11,131.5,02:12,0.54,"Alicia, Kush, Max, Riad","Alicia, Kush, Max, Riad (group)",2
131.67,02:12,133.04,02:13,1.37,"Alicia, Kush",Alicia <-> Kush,3
132.68,02:13,134.32,02:14,1.64,"Alicia, Kush, Max, Riad","Alicia, Kush, Max, Riad (group)",1
133.13,02:13,134.25,02:14,1.12,"Alicia, Riad",Alicia <-> Riad,1
133.2,02:13,133.73,02:14,0.53,"Alicia, Kush",Alicia <-> Kush,1
133.36,02:13,134.83,02:15,1.47,"Alicia, Max",Alicia <-> Max,1
134.37,02:14,135.43,02:15,1.06,"Alicia, Kush",Alicia <-> Kush,2
134.86,02:15,135.94,02:16,1.08,"Alicia, Kush, Max, Riad","Alicia, Kush, Max, Riad (group)",2
135.41,02:15,136.9,02:17,1.49,"Alicia, Kush",Alicia <-> Kush,1
135.72,02:16,137.2,02:17,1.48,"Alicia, Kush, Max, Riad","Alicia, Kush, Max, Riad (group)",3
136.99,02:17,137.71,02:18,0.72,"Max, Riad",Max <-> Riad,1
137.92,02:18,138.33,02:18,0.41,"Alicia, Kush",Alicia <-> Kush,2
138.41,02:18,138.99,02:19,0.58,"Alicia, Max, Riad","Alicia, Max, Riad (group)",2
138.71,02:19,139.69,02:20,0.98,"Alicia, Kush",Alicia <-> Kush,2
139.22,02:19,140.75,02:21,1.53,"Max, Riad",Max <-> Riad,3
140.8,02:21,141.02,02:21,0.22,"Kush, Riad",Kush <-> Riad,1
142.54,02:23,143.36,02:23,0.82,"Alicia, Kush, Riad","Alicia, Kush, Riad (group)",3
143.17,02:23,144.45,02:24,1.28,"Alicia, Kush, Max, Riad","Alicia, Kush, Max, Riad (group)",5
144.56,02:25,144.97,02:25,0.41,"Max, Riad",Max <-> Riad,1
145.05,02:25,145.51,02:26,0.46,"Alicia, Kush",Alicia <-> Kush,2
145.6,02:26,147.03,02:27,1.43,"Max, Riad",Max <-> Riad,3
146.48,02:26,149.25,02:29,2.77,"Alicia, Kush, Max","Alicia, Kush, Max (group)",2
147.21,02:27,147.62,02:28,0.41,"Max, Riad",Max <-> Riad,1
147.66,02:28,148.06,02:28,0.4,"Alicia, Kush",Alicia <-> Kush,2
148.08,02:28,149.38,02:29,1.3,"Alicia, Kush, Max, Riad","Alicia, Kush, Max, Riad (group)",1
148.52,02:29,149.63,02:30,1.11,"Alicia, Kush",Alicia <-> Kush,2
149.6,02:30,150.22,02:30,0.62,"Alicia, Max",Alicia <-> Max,1
149.72,02:30,150.75,02:31,1.03,"Kush, Max, Riad","Kush, Max, Riad (group)",2
150.69,02:31,152.64,02:33,1.95,"Alicia, Kush",Alicia <-> Kush,2
150.93,02:31,151.8,02:32,0.87,"Kush, Riad",Kush <-> Riad,1
150.93,02:31,154.94,02:35,4.01,"Max, Riad",Max <-> Riad,2
152.81,02:33,153.75,02:34,0.94,"Alicia, Kush, Max, Riad","Alicia, Kush, Max, Riad (group)",1
153.49,02:33,154.48,02:34,0.99,"Kush, Riad",Kush <-> Riad,1
153.5,02:34,154.47,02:34,0.97,"Alicia, Riad",Alicia <-> Riad,1
154.36,02:34,154.94,02:35,0.58,"Max, Riad",Max <-> Riad,1
154.91,02:35,155.67,02:36,0.76,"Alicia, Kush, Riad","Alicia, Kush, Riad (group)",2
155.1,02:35,156.8,02:37,1.7,"Max, Riad",Max <-> Riad,3
156.8,02:37,157.12,02:37,0.32,"Alicia, Kush",Alicia <-> Kush,1
156.97,02:37,157.34,02:37,0.37,"Max, Riad",Max <-> Riad,1
157.32,02:37,158.93,02:39,1.61,"Alicia, Kush",Alicia <-> Kush,2
157.62,02:38,158.07,02:38,0.45,"Alicia, Kush, Max, Riad","Alicia, Kush, Max, Riad (group)",1
158.32,02:38,158.68,02:39,0.36,"Max, Riad",Max <-> Riad,1
159.12,02:39,159.72,02:40,0.6,"Alicia, Kush",Alicia <-> Kush,1
159.78,02:40,160.11,02:40,0.33,"Max, Riad",Max <-> Riad,2
159.89,02:40,161.5,02:42,1.61,"Alicia, Kush",Alicia <-> Kush,3
161.54,02:42,163.13,02:43,1.59,"Max, Riad",Max <-> Riad,2
161.77,02:42,164.08,02:44,2.31,"Alicia, Kush",Alicia <-> Kush,5
163.5,02:44,164.07,02:44,0.57,"Max, Riad",Max <-> Riad,2
163.81,02:44,164.04,02:44,0.23,"Alicia, Riad",Alicia <-> Riad,1
164.28,02:44,164.67,02:45,0.39,"Max, Riad",Max <-> Riad,1
164.37,02:44,165.37,02:45,1.0,"Alicia, Kush",Alicia <-> Kush,2
164.95,02:45,167.22,02:47,2.27,"Max, Riad",Max <-> Riad,3
166.95,02:47,168.18,02:48,1.23,"Alicia, Kush",Alicia <-> Kush,2
168.14,02:48,168.88,02:49,0.74,"Max, Riad",Max <-> Riad,2
168.69,02:49,168.97,02:49,0.28,"Alicia, Kush",Alicia <-> Kush,2
169.61,02:50,169.86,02:50,0.25,"Max, Riad",Max <-> Riad,2
169.94,02:50,171.54,02:52,1.6,"Alicia, Kush",Alicia <-> Kush,2
170.68,02:51,171.99,02:52,1.31,"Max, Riad",Max <-> Riad,3
171.93,02:52,172.6,02:53,0.67,"Alicia, Kush",Alicia <-> Kush,2
172.56,02:53,173.67,02:54,1.11,"Max, Riad",Max <-> Riad,2
173.4,02:53,174.94,02:55,1.54,"Alicia, Kush, Max, Riad","Alicia, Kush, Max, Riad (group)",2
174.02,02:54,175.66,02:56,1.64,"Max, Riad",Max <-> Riad,3
175.27,02:55,176.08,02:56,0.81,"Alicia, Kush, Max, Riad","Alicia, Kush, Max, Riad (group)",2
175.91,02:56,177.03,02:57,1.12,"Max, Riad",Max <-> Riad,4
176.78,02:57,179.04,02:59,2.26,"Alicia, Kush",Alicia <-> Kush,1
176.92,02:57,179.33,02:59,2.41,"Alicia, Kush, Max, Riad","Alicia, Kush, Max, Riad (group)",1
177.7,02:58,178.88,02:59,1.18,"Max, Riad",Max <-> Riad,4
179.21,02:59,179.63,03:00,0.42,"Alicia, Kush",Alicia <-> Kush,1
179.8,03:00,180.49,03:00,0.69,"Max, Riad",Max <-> Riad,2
180.14,03:00,182.2,03:02,2.06,"Alicia, Kush, Max","Alicia, Kush, Max (group)",3
181.72,03:02,182.22,03:02,0.5,"Max, Riad",Max <-> Riad,1
181.81,03:02,182.14,03:02,0.33,"Alicia, Riad",Alicia <-> Riad,1
182.86,03:03,183.09,03:03,0.23,"Max, Riad",Max <-> Riad,1
183.63,03:04,183.91,03:04,0.28,"Alicia, Kush",Alicia <-> Kush,1
183.72,03:04,184.05,03:04,0.33,"Max, Riad",Max <-> Riad,2
184.2,03:04,184.68,03:05,0.48,"Alicia, Kush",Alicia <-> Kush,2
184.64,03:05,185.21,03:05,0.57,"Alicia, Kush, Max, Riad","Alicia, Kush, Max, Riad (group)",2
185.37,03:05,185.81,03:06,0.44,"Max, Riad",Max <-> Riad,1
186.28,03:06,186.83,03:07,0.55,"Alicia, Kush, Riad","Alicia, Kush, Riad (group)",2
186.92,03:07,187.41,03:07,0.49,"Max, Riad",Max <-> Riad,1
187.71,03:08,189.78,03:10,2.07,"Alicia, Kush",Alicia <-> Kush,2
188.5,03:08,191.58,03:12,3.08,"Alicia, Max, Riad","Alicia, Max, Riad (group)",3
189.61,03:10,191.3,03:11,1.69,"Alicia, Kush, Max, Riad","Alicia, Kush, Max, Riad (group)",2
190.94,03:11,191.33,03:11,0.39,"Alicia, Kush",Alicia <-> Kush,2
191.93,03:12,193.13,03:13,1.2,"Alicia, Kush, Max, Riad","Alicia, Kush, Max, Riad (group)",1
191.99,03:12,192.58,03:13,0.59,"Alicia, Kush",Alicia <-> Kush,1
192.21,03:12,193.48,03:13,1.27,"Max, Riad",Max <-> Riad,1
192.8,03:13,193.24,03:13,0.44,"Alicia, Kush, Max, Riad","Alicia, Kush, Max, Riad (group)",1
192.85,03:13,193.12,03:13,0.27,"Max, Riad",Max <-> Riad,1
193.66,03:14,195.2,03:15,1.54,"Alicia, Kush",Alicia <-> Kush,2
194.51,03:15,195.24,03:15,0.73,"Max, Riad",Max <-> Riad,2
195.43,03:15,197.05,03:17,1.62,"Alicia, Kush, Riad","Alicia, Kush, Riad (group)",1
195.7,03:16,197.81,03:18,2.11,"Max, Riad",Max <-> Riad,4
197.95,03:18,198.57,03:19,0.62,"Alicia, Kush",Alicia <-> Kush,2
198.68,03:19,199.04,03:19,0.36,"Max, Riad",Max <-> Riad,2
198.99,03:19,199.76,03:20,0.77,"Alicia, Kush, Max","Alicia, Kush, Max (group)",2
199.39,03:19,200.14,03:20,0.75,"Max, Riad",Max <-> Riad,2
199.99,03:20,200.58,03:21,0.59,"Alicia, Kush",Alicia <-> Kush,1
200.67,03:21,200.94,03:21,0.27,"Max, Riad",Max <-> Riad,2
201.15,03:21,202.25,03:22,1.1,"Alicia, Kush",Alicia <-> Kush,1
201.15,03:21,201.98,03:22,0.83,"Alicia, Kush, Max, Riad","Alicia, Kush, Max, Riad (group)",1
201.64,03:22,203.08,03:23,1.44,"Max, Riad",Max <-> Riad,4
202.98,03:23,203.71,03:24,0.73,"Alicia, Kush, Max, Riad","Alicia, Kush, Max, Riad (group)",2
203.52,03:24,204.08,03:24,0.56,"Alicia, Kush",Alicia <-> Kush,1
204.04,03:24,205.53,03:26,1.49,"Max, Riad",Max <-> Riad,3
205.96,03:26,206.25,03:26,0.29,"Alicia, Max",Alicia <-> Max,1
206.31,03:26,206.78,03:27,0.47,"Max, Riad",Max <-> Riad,1
206.66,03:27,207.82,03:28,1.16,"Alicia, Kush",Alicia <-> Kush,2
207.55,03:28,208.31,03:28,0.76,"Max, Riad",Max <-> Riad,2
208.03,03:28,208.39,03:28,0.36,"Alicia, Kush",Alicia <-> Kush,2
208.53,03:29,209.11,03:29,0.58,"Max, Riad",Max <-> Riad,1
209.29,03:29,209.66,03:30,0.37,"Alicia, Kush, Max, Riad","Alicia, Kush, Max, Riad (group)",3
209.9,03:30,210.65,03:31,0.75,"Max, Riad",Max <-> Riad,2
211.35,03:31,211.61,03:32,0.26,"Alicia, Riad",Alicia <-> Riad,1
211.48,03:31,212.34,03:32,0.86,"Alicia, Kush, Max","Alicia, Kush, Max (group)",1
211.89,03:32,212.3,03:32,0.41,"Max, Riad",Max <-> Riad,1
212.59,03:33,214.08,03:34,1.49,"Alicia, Kush, Max, Riad","Alicia, Kush, Max, Riad (group)",4
213.16,03:33,213.46,03:33,0.3,"Alicia, Max",Alicia <-> Max,1
213.4,03:33,214.49,03:34,1.09,"Max, Riad",Max <-> Riad,1
214.1,03:34,215.41,03:35,1.31,"Alicia, Kush, Max, Riad","Alicia, Kush, Max, Riad (group)",4
216.12,03:36,216.94,03:37,0.82,"Alicia, Kush, Max","Alicia, Kush, Max (group)",1
216.74,03:37,217.45,03:37,0.71,"Max, Riad",Max <-> Riad,1
217.14,03:37,217.86,03:38,0.72,"Alicia, Max",Alicia <-> Max,2
217.85,03:38,220.02,03:40,2.17,"Alicia, Kush",Alicia <-> Kush,2
219.56,03:40,220.53,03:41,0.97,"Max, Riad",Max <-> Riad,1
220.48,03:40,221.42,03:41,0.94,"Alicia, Kush",Alicia <-> Kush,1
221.0,03:41,221.37,03:41,0.37,"Kush, Riad",Kush <-> Riad,1
221.41,03:41,221.92,03:42,0.51,"Max, Riad",Max <-> Riad,2
221.58,03:42,222.88,03:43,1.3,"Kush, Riad",Kush <-> Riad,1
222.0,03:42,222.3,03:42,0.3,"Alicia, Kush",Alicia <-> Kush,1
222.09,03:42,222.86,03:43,0.77,"Max, Riad",Max <-> Riad,2
223.04,03:43,225.46,03:45,2.42,"Alicia, Kush, Riad","Alicia, Kush, Riad (group)",3
224.63,03:45,225.04,03:45,0.41,"Alicia, Riad",Alicia <-> Riad,1
226.4,03:46,227.6,03:48,1.2,"Alicia, Max",Alicia <-> Max,2
227.3,03:47,228.94,03:49,1.64,"Alicia, Kush, Max, Riad","Alicia, Kush, Max, Riad (group)",4
228.47,03:48,230.12,03:50,1.65,"Alicia, Kush",Alicia <-> Kush,3
230.03,03:50,230.57,03:51,0.54,"Max, Riad",Max <-> Riad,2
230.68,03:51,231.29,03:51,0.61,"Alicia, Kush",Alicia <-> Kush,1
230.68,03:51,231.65,03:52,0.97,"Alicia, Kush, Max, Riad","Alicia, Kush, Max, Riad (group)",1
230.96,03:51,231.78,03:52,0.82,"Max, Riad",Max <-> Riad,2
232.12,03:52,232.45,03:52,0.33,"Alicia, Kush",Alicia <-> Kush,1
232.59,03:53,232.96,03:53,0.37,"Alicia, Max, Riad","Alicia, Max, Riad (group)",1
232.68,03:53,233.21,03:53,0.53,"Alicia, Kush",Alicia <-> Kush,2
233.18,03:53,233.46,03:53,0.28,"Max, Riad",Max <-> Riad,2
234.0,03:54,234.33,03:54,0.33,"Alicia, Riad",Alicia <-> Riad,1
234.56,03:55,234.97,03:55,0.41,"Alicia, Kush",Alicia <-> Kush,1
235.05,03:55,235.8,03:56,0.75,"Alicia, Kush, Max, Riad","Alicia, Kush, Max, Riad (group)",1
235.07,03:55,239.92,04:00,4.85,"Alicia, Kush",Alicia <-> Kush,1
235.57,03:56,235.92,03:56,0.35,"Max, Riad",Max <-> Riad,1
236.08,03:56,240.41,04:00,4.33,"Alicia, Kush, Max, Riad","Alicia, Kush, Max, Riad (group)",1
236.28,03:56,236.52,03:57,0.24,"Alicia, Riad",Alicia <-> Riad,1
236.78,03:57,237.09,03:57,0.31,"Max, Riad",Max <-> Riad,1
237.12,03:57,237.41,03:57,0.29,"Alicia, Kush",Alicia <-> Kush,1
237.27,03:57,238.25,03:58,0.98,"Max, Riad",Max <-> Riad,1
237.57,03:58,237.8,03:58,0.23,"Alicia, Kush",Alicia <-> Kush,1
238.57,03:59,238.83,03:59,0.26,"Alicia, Riad",Alicia <-> Riad,1
240.83,04:01,242.26,04:02,1.43,"Alicia, Kush",Alicia <-> Kush,1
241.32,04:01,243.91,04:04,2.59,"Kush, Riad",Kush <-> Riad,1
242.46,04:02,243.34,04:03,0.88,"Alicia, Kush",Alicia <-> Kush,1
242.57,04:03,242.83,04:03,0.26,"Alicia, Riad",Alicia <-> Riad,1
242.81,04:03,244.46,04:04,1.65,"Max, Riad",Max <-> Riad,2
244.43,04:04,245.05,04:05,0.62,"Alicia, Kush",Alicia <-> Kush,1
244.93,04:05,245.57,04:06,0.64,"Max, Riad",Max <-> Riad,1
245.66,04:06,246.78,04:07,1.12,"Alicia, Kush",Alicia <-> Kush,2
246.16,04:06,247.67,04:08,1.51,"Alicia, Riad",Alicia <-> Riad,1
246.97,04:07,248.07,04:08,1.1,"Alicia, Kush, Max, Riad","Alicia, Kush, Max, Riad (group)",1
247.66,04:08,248.08,04:08,0.42,"Alicia, Kush",Alicia <-> Kush,1
248.16,04:08,248.58,04:09,0.42,"Max, Riad",Max <-> Riad,2
248.38,04:08,249.12,04:09,0.74,"Alicia, Kush",Alicia <-> Kush,1
248.8,04:09,249.72,04:10,0.92,"Kush, Riad",Kush <-> Riad,1
249.46,04:09,251.0,04:11,1.54,"Alicia, Kush",Alicia <-> Kush,2
249.99,04:10,252.16,04:12,2.17,"Kush, Riad",Kush <-> Riad,3
252.28,04:12,253.1,04:13,0.82,"Alicia, Kush",Alicia <-> Kush,2
252.87,04:13,253.61,04:14,0.74,"Max, Riad",Max <-> Riad,1
253.53,04:14,255.24,04:15,1.71,"Alicia, Kush",Alicia <-> Kush,2
254.03,04:14,254.24,04:14,0.21,"Kush, Riad",Kush <-> Riad,1
254.09,04:14,254.4,04:14,0.31,"Alicia, Kush",Alicia <-> Kush,1
254.52,04:15,255.8,04:16,1.28,"Alicia, Kush, Max, Riad","Alicia, Kush, Max, Riad (group)",1
255.46,04:15,256.51,04:17,1.05,"Alicia, Kush",Alicia <-> Kush,1
255.96,04:16,257.3,04:17,1.34,"Max, Riad",Max <-> Riad,3
257.63,04:18,259.04,04:19,1.41,"Alicia, Kush, Max, Riad","Alicia, Kush, Max, Riad (group)",2
258.03,04:18,258.52,04:19,0.49,"Alicia, Riad",Alicia <-> Riad,1
259.2,04:19,260.85,04:21,1.65,"Alicia, Kush",Alicia <-> Kush,2
259.69,04:20,259.91,04:20,0.22,"Alicia, Kush, Max, Riad","Alicia, Kush, Max, Riad (group)",1
259.7,04:20,260.9,04:21,1.2,"Alicia, Kush",Alicia <-> Kush,1
260.11,04:20,262.01,04:22,1.9,"Max, Riad",Max <-> Riad,3
262.24,04:22,263.73,04:24,1.49,"Alicia, Kush",Alicia <-> Kush,3
263.87,04:24,264.24,04:24,0.37,"Max, Riad",Max <-> Riad,2
264.94,04:25,265.93,04:26,0.99,"Kush, Riad",Kush <-> Riad,2
265.7,04:26,266.25,04:26,0.55,"Alicia, Kush, Max, Riad","Alicia, Kush, Max, Riad (group)",1
266.0,04:26,266.64,04:27,0.64,"Max, Riad",Max <-> Riad,2
267.18,04:27,267.82,04:28,0.64,"Alicia, Kush",Alicia <-> Kush,2
267.61,04:28,268.82,04:29,1.21,"Max, Riad",Max <-> Riad,4
269.08,04:29,272.9,04:33,3.82,"Alicia, Kush, Max, Riad","Alicia, Kush, Max, Riad (group)",5
270.08,04:30,272.81,04:33,2.73,"Max, Riad",Max <-> Riad,1
271.35,04:31,273.46,04:33,2.11,"Alicia, Kush",Alicia <-> Kush,1
273.1,04:33,273.75,04:34,0.65,"Max, Riad",Max <-> Riad,2
273.96,04:34,274.91,04:35,0.95,"Alicia, Kush, Max","Alicia, Kush, Max (group)",2
274.32,04:34,275.35,04:35,1.03,"Max, Riad",Max <-> Riad,2
275.13,04:35,277.23,04:37,2.1,"Alicia, Kush",Alicia <-> Kush,3
276.43,04:36,277.39,04:37,0.96,"Max, Riad",Max <-> Riad,2
277.44,04:37,277.7,04:38,0.26,"Alicia, Kush",Alicia <-> Kush,1
277.6,04:38,279.77,04:40,2.17,"Kush, Max, Riad","Kush, Max, Riad (group)",2
278.24,04:38,279.29,04:39,1.05,"Alicia, Kush",Alicia <-> Kush,2
279.18,04:39,279.8,04:40,0.62,"Alicia, Max, Riad","Alicia, Max, Riad (group)",1
279.83,04:40,280.57,04:41,0.74,"Alicia, Kush",Alicia <-> Kush,2
280.85,04:41,281.5,04:42,0.65,"Alicia, Max, Riad","Alicia, Max, Riad (group)",2
280.96,04:41,281.65,04:42,0.69,"Alicia, Kush",Alicia <-> Kush,1
280.96,04:41,282.11,04:42,1.15,"Alicia, Kush, Max, Riad","Alicia, Kush, Max, Riad (group)",2
281.87,04:42,283.25,04:43,1.38,"Alicia, Kush",Alicia <-> Kush,3
282.85,04:43,283.12,04:43,0.27,"Kush, Max, Riad","Kush, Max, Riad (group)",2
284.53,04:45,284.8,04:45,0.27,"Alicia, Kush",Alicia <-> Kush,2
284.99,04:45,285.31,04:45,0.32,"Max, Riad",Max <-> Riad,1
285.26,04:45,286.21,04:46,0.95,"Alicia, Kush",Alicia <-> Kush,2
285.84,04:46,288.7,04:49,2.86,"Alicia, Max, Riad","Alicia, Max, Riad (group)",4
288.62,04:49,289.59,04:50,0.97,"Alicia, Kush",Alicia <-> Kush,2
289.4,04:49,290.07,04:50,0.67,"Max, Riad",Max <-> Riad,2
290.0,04:50,290.61,04:51,0.61,"Alicia, Kush",Alicia <-> Kush,2
290.58,04:51,294.95,04:55,4.37,"Max, Riad",Max <-> Riad,8
294.89,04:55,295.26,04:55,0.37,"Alicia, Kush, Max","Alicia, Kush, Max (group)",1
295.21,04:55,298.13,04:58,2.92,"Alicia, Kush, Max, Riad","Alicia, Kush, Max, Riad (group)",6
298.23,04:58,300.33,05:00,2.1,"Max, Riad",Max <-> Riad,3
300.45,05:00,301.33,05:01,0.88,"Alicia, Kush",Alicia <-> Kush,2
300.87,05:01,307.77,05:08,6.9,"Max, Riad",Max <-> Riad,8
307.2,05:07,308.42,05:08,1.22,"Alicia, Kush, Riad","Alicia, Kush, Riad (group)",3
308.71,05:09,309.14,05:09,0.43,"Max, Riad",Max <-> Riad,2
309.39,05:09,309.89,05:10,0.5,"Alicia, Kush",Alicia <-> Kush,2
309.99,05:10,312.36,05:12,2.37,"Alicia, Kush, Max, Riad","Alicia, Kush, Max, Riad (group)",4
311.52,05:12,311.97,05:12,0.45,"Alicia, Riad",Alicia <-> Riad,1
312.53,05:13,313.51,05:14,0.98,"Max, Riad",Max <-> Riad,2
313.32,05:13,313.58,05:14,0.26,"Alicia, Kush, Max, Riad","Alicia, Kush, Max, Riad (group)",1
313.72,05:14,314.12,05:14,0.4,"Max, Riad",Max <-> Riad,2
313.93,05:14,316.75,05:17,2.82,"Alicia, Kush",Alicia <-> Kush,4
316.36,05:16,318.3,05:18,1.94,"Max, Riad",Max <-> Riad,4
318.05,05:18,321.93,05:22,3.88,"Alicia, Kush",Alicia <-> Kush,2
320.15,05:20,320.38,05:20,0.23,"Max, Riad",Max <-> Riad,2
320.71,05:21,321.93,05:22,1.22,"Alicia, Kush, Max, Riad","Alicia, Kush, Max, Riad (group)",3
