speaker,start_s,end_s,duration_s
Max,0.0,3.4,3.4
Kush,0.0,2.15,2.15
Riad,0.01,4.79,4.78
Alicia,2.04,3.31,1.27
Kush,5.22,5.42,0.2
Kush,6.08,6.52,0.44
Riad,6.81,7.03,0.22
Alicia,7.82,8.24,0.42
Kush,7.87,9.45,1.58
Riad,8.39,8.88,0.49
Max,8.4,8.88,0.48
Alicia,8.6,9.44,0.84
Riad,9.21,9.92,0.71
Max,9.47,10.2,0.73
Alicia,10.09,10.81,0.72
Kush,10.16,10.85,0.69
Max,10.49,11.9,1.41
Riad,10.54,10.87,0.33
Kush,12.04,12.34,0.3
Max,12.6,12.91,0.31
Riad,12.64,12.9,0.26
Kush,12.87,13.33,0.46
Alicia,12.88,13.29,0.41
Max,13.29,13.86,0.57
Riad,13.32,13.81,0.49
Kush,13.74,14.09,0.35
Alicia,13.75,14.02,0.27
Max,14.11,14.6,0.49
Riad,14.12,14.61,0.49
Riad,14.77,15.01,0.24
Max,16.29,18.33,2.04
Riad,16.57,20.45,3.88
Kush,17.12,17.76,0.64
Kush,18.15,20.05,1.9
Alicia,18.34,20.77,2.43
Max,18.69,19.33,0.64
Max,19.51,20.37,0.86
Kush,20.22,20.76,0.54
Max,20.58,21.4,0.82
Riad,20.68,21.97,1.29
Kush,20.92,21.45,0.53
Alicia,20.93,21.45,0.52
Max,21.66,22.25,0.59
Riad,22.41,23.0,0.59
Max,22.47,22.92,0.45
Kush,22.86,24.92,2.06
Alicia,22.87,23.79,0.92
Alicia,23.96,24.75,0.79
Riad,24.29,25.41,1.12
Max,24.4,24.67,0.27
Max,24.87,25.33,0.46
Kush,25.34,27.66,2.32
Riad,25.65,27.7,2.05
Max,25.67,27.02,1.35
Alicia,25.9,27.6,1.7
Max,27.95,28.48,0.53
Riad,27.96,28.52,0.56
Kush,28.42,30.52,2.1
Alicia,28.44,30.39,1.95
Max,29.0,29.29,0.29
Max,29.58,29.9,0.32
Riad,29.59,29.86,0.27
Max,30.07,30.32,0.25
Riad,30.08,31.88,1.8
Max,30.84,31.52,0.68
Kush,31.11,31.49,0.38
Alicia,31.11,31.5,0.39
Alicia,31.72,32.07,0.35
Kush,31.73,32.07,0.34
Alicia,32.23,33.18,0.95
Kush,32.27,33.17,0.9
Max,32.8,33.12,0.32
Riad,32.81,33.06,0.25
Kush,33.37,36.21,2.84
Alicia,33.39,33.89,0.5
Max,33.67,33.89,0.22
Riad,33.81,35.25,1.44
Max,34.06,34.63,0.57
Alicia,34.3,36.19,1.89
Max,35.15,37.15,2.0
Riad,35.45,36.01,0.56
Riad,36.18,37.06,0.88
Kush,36.91,37.37,0.46
Alicia,36.92,37.37,0.45
Max,37.67,38.73,1.06
Riad,37.68,38.6,0.92
Kush,37.79,39.39,1.6
Alicia,37.81,39.93,2.12
Kush,39.55,39.83,0.28
Riad,40.19,40.39,0.2
Max,40.19,40.72,0.53
Kush,40.67,43.3,2.63
Alicia,40.71,43.07,2.36
Riad,40.97,41.42,0.45
Max,41.5,42.1,0.6
Kush,43.65,45.08,1.43
Alicia,43.65,45.09,1.44
Riad,43.85,44.91,1.06
Max,44.29,44.81,0.52
Kush,46.19,46.95,0.76
Alicia,46.19,46.85,0.66
Riad,46.82,47.39,0.57
Kush,47.41,48.55,1.14
Riad,47.61,48.32,0.71
Alicia,47.74,47.97,0.23
Max,48.13,48.67,0.54
Alicia,48.18,48.51,0.33
Alicia,48.94,49.59,0.65
Kush,49.03,49.59,0.56
Max,50.18,50.53,0.35
Kush,51.09,52.83,1.74
Alicia,51.14,52.63,1.49
Riad,51.97,54.69,2.72
Max,52.84,53.34,0.5
Kush,53.49,53.75,0.26
Alicia,53.49,54.54,1.05
Max,53.54,54.32,0.78
Kush,54.0,55.45,1.45
Alicia,54.7,55.32,0.62
Max,55.04,55.46,0.42
Riad,55.06,55.45,0.39
Max,55.67,56.42,0.75
Riad,55.68,56.41,0.73
Kush,55.92,57.07,1.15
Alicia,55.92,59.06,3.14
Riad,57.19,60.33,3.14
Max,57.28,57.56,0.28
Kush,57.34,59.07,1.73
Max,57.98,58.41,0.43
Max,58.71,59.73,1.02
Kush,59.24,59.73,0.49
Alicia,59.25,59.73,0.48
Kush,59.92,60.2,0.28
Alicia,59.92,60.2,0.28
Max,60.14,60.7,0.56
Alicia,60.37,61.54,1.17
Kush,60.38,61.53,1.15
Max,60.89,61.97,1.08
Riad,60.9,61.95,1.05
Alicia,62.16,62.65,0.49
Kush,62.17,62.65,0.48
Riad,62.73,64.13,1.4
Max,62.73,63.47,0.74
Alicia,63.37,63.72,0.35
Kush,63.38,63.63,0.25
Max,63.64,63.96,0.32
Alicia,63.93,64.38,0.45
Kush,64.05,64.36,0.31
Riad,64.52,65.51,0.99
Max,64.54,65.08,0.54
Kush,64.78,66.26,1.48
Alicia,64.89,65.35,0.46
Max,65.26,65.52,0.26
Alicia,65.52,66.26,0.74
Riad,66.07,68.04,1.97
Max,66.09,66.62,0.53
Alicia,66.49,66.79,0.3
Kush,66.57,66.8,0.23
Kush,66.98,67.44,0.46
Alicia,66.99,67.42,0.43
Max,67.26,67.67,0.41
Kush,67.67,68.6,0.93
Alicia,67.86,68.59,0.73
Riad,68.33,68.53,0.2
Max,68.33,68.53,0.2
Riad,68.93,69.63,0.7
Max,69.03,69.64,0.61
Kush,69.98,70.65,0.67
Alicia,69.98,70.66,0.68
Riad,70.4,71.43,1.03
Max,70.46,71.41,0.95
Alicia,71.93,73.51,1.58
Kush,71.94,72.88,0.94
Max,72.26,73.66,1.4
Riad,72.27,73.66,1.39
Kush,73.2,73.43,0.23
Alicia,74.72,77.0,2.28
Riad,74.76,75.86,1.1
Max,74.76,75.86,1.1
Kush,74.76,75.45,0.69
Kush,75.67,76.44,0.77
Riad,76.14,76.83,0.69
Max,76.14,76.92,0.78
Kush,77.59,78.21,0.62
Alicia,77.6,78.74,1.14
Riad,77.88,78.71,0.83
Max,77.93,79.41,1.48
Kush,78.37,78.68,0.31
Kush,78.95,79.2,0.25
Kush,79.4,79.79,0.39
Alicia,79.47,79.78,0.31
Max,79.76,80.56,0.8
Riad,79.79,80.3,0.51
Kush,80.27,80.78,0.51
Alicia,80.28,80.78,0.5
Riad,80.75,81.41,0.66
Max,80.76,81.56,0.8
Alicia,83.01,83.31,0.3
Kush,83.06,83.34,0.28
Max,85.43,85.69,0.26
Alicia,85.52,86.51,0.99
Kush,85.59,86.27,0.68
Max,86.05,87.83,1.78
Riad,86.06,86.77,0.71
Alicia,87.78,88.26,0.48
Kush,87.79,88.16,0.37
Max,88.04,88.77,0.73
Riad,90.14,90.5,0.36
Alicia,90.25,90.52,0.27
Alicia,90.69,92.24,1.55
Riad,90.74,91.01,0.27
Max,90.77,91.01,0.24
Max,91.22,91.74,0.52
Kush,91.25,94.15,2.9
Riad,91.76,94.88,3.12
Max,91.9,92.45,0.55
Alicia,93.54,94.63,1.09
Max,93.99,94.78,0.79
Alicia,94.81,95.31,0.5
Kush,94.84,97.01,2.17
Max,95.31,96.63,1.32
Riad,95.33,97.48,2.15
Alicia,95.5,97.45,1.95
Max,97.05,98.66,1.61
Kush,97.19,97.61,0.42
Alicia,97.64,98.56,0.92
Riad,97.71,98.09,0.38
Kush,98.01,99.37,1.36
Riad,98.54,99.87,1.33
Max,98.84,99.08,0.24
Kush,99.55,99.88,0.33
Alicia,99.94,102.01,2.07
Riad,100.05,100.65,0.6
Max,100.44,101.16,0.72
Kush,100.44,101.91,1.47
Riad,100.88,102.44,1.56
Max,102.02,102.3,0.28
Kush,102.25,102.74,0.49
Alicia,102.27,102.88,0.61
Riad,102.75,103.23,0.48
Max,102.85,103.33,0.48
Alicia,103.09,103.44,0.35
Kush,103.38,103.93,0.55
Alicia,103.86,104.47,0.61
Riad,103.94,104.42,0.48
Max,104.02,104.75,0.73
Kush,104.74,106.59,1.85
Riad,105.24,107.1,1.86
Alicia,105.46,106.2,0.74
Max,106.1,106.73,0.63
Alicia,106.38,106.61,0.23
Alicia,106.86,107.16,0.3
Max,106.89,107.12,0.23
Kush,107.15,108.76,1.61
Max,107.35,107.68,0.33
Alicia,107.43,107.64,0.21
Riad,107.66,109.35,1.69
Max,107.94,108.66,0.72
Alicia,108.4,109.0,0.6
Max,108.95,110.67,1.72
Kush,109.14,110.46,1.32
Alicia,109.24,110.16,0.92
Riad,109.64,110.96,1.32
Alicia,111.1,114.0,2.9
Max,111.63,111.89,0.26
Kush,111.66,112.85,1.19
Max,112.13,112.38,0.25
Riad,112.21,113.05,0.84
Max,112.59,113.11,0.52
Max,113.28,113.6,0.32
Kush,113.76,114.1,0.34
Riad,114.22,114.6,0.38
Alicia,114.71,116.1,1.39
Kush,115.05,115.75,0.7
Riad,115.53,116.28,0.75
Max,115.74,116.01,0.27
Alicia,116.26,116.92,0.66
Kush,116.34,117.0,0.66
Riad,116.83,117.54,0.71
Kush,117.28,117.92,0.64
Alicia,117.57,117.9,0.33
Riad,117.73,118.51,0.78
Max,118.01,118.31,0.3
Kush,118.53,119.61,1.08
Alicia,118.56,119.37,0.81
Riad,119.01,122.04,3.03
Max,119.09,119.95,0.86
Kush,119.95,120.38,0.43
Alicia,120.36,121.05,0.69
Kush,120.55,121.52,0.97
Max,121.35,121.64,0.29
Alicia,121.42,122.46,1.04
Max,121.83,122.43,0.6
Kush,122.58,123.38,0.8
Riad,122.97,123.89,0.92
Alicia,123.66,124.58,0.92
Kush,123.71,124.22,0.51
Riad,124.13,125.21,1.08
Max,124.64,125.06,0.42
Alicia,125.46,125.76,0.3
Kush,125.7,125.91,0.21
Max,126.01,126.26,0.25
Kush,126.15,126.81,0.66
Alicia,126.21,126.64,0.43
Max,126.71,127.17,0.46
Riad,127.07,127.3,0.23
Alicia,127.1,127.86,0.76
Max,127.82,128.36,0.54
Kush,127.96,130.25,2.29
Alicia,128.23,129.22,0.99
Riad,128.85,132.97,4.12
Max,128.91,129.63,0.72
Alicia,129.52,129.75,0.23
Alicia,130.05,131.32,1.27
Kush,130.82,131.05,0.23
Max,130.96,131.49,0.53
Kush,131.21,131.5,0.29
Kush,131.67,132.26,0.59
Alicia,131.72,132.48,0.76
Kush,132.65,133.04,0.39
Alicia,132.68,134.32,1.64
Riad,133.13,134.25,1.12
Kush,133.2,133.73,0.53
Max,133.36,134.83,1.47
Kush,134.37,135.2,0.83
Alicia,134.63,135.43,0.8
Riad,134.86,135.77,0.91
Max,135.24,135.94,0.7
Kush,135.41,136.9,1.49
Alicia,135.72,136.12,0.4
Riad,136.17,137.41,1.24
Alicia,136.95,137.2,0.25
Max,136.99,137.71,0.72
Kush,137.92,138.34,0.42
Alicia,138.13,138.33,0.2
Riad,138.41,138.84,0.43
Max,138.45,138.99,0.54
Kush,138.71,139.6,0.89
Alicia,138.88,139.69,0.81
Max,139.22,140.24,1.02
Riad,139.42,140.17,0.75
Max,140.44,140.75,0.31
Riad,140.8,141.02,0.22
Alicia,142.54,142.92,0.38
Kush,142.55,143.39,0.84
Alicia,143.14,143.36,0.22
Riad,143.17,143.44,0.27
Max,143.17,143.44,0.27
Riad,143.65,143.86,0.21
Max,143.66,144.28,0.62
Kush,143.98,144.45,0.47
Max,144.56,144.97,0.41
Kush,145.05,146.99,1.94
Alicia,145.07,145.51,0.44
Max,145.6,146.01,0.41
Riad,146.24,147.01,0.77
Max,146.24,147.03,0.79
Alicia,146.48,147.16,0.68
Max,147.2,149.25,2.05
Riad,147.21,147.62,0.41
Kush,147.66,148.06,0.4
Alicia,147.66,148.06,0.4
Riad,148.08,149.38,1.3
Kush,148.52,149.66,1.14
Alicia,148.52,149.63,1.11
Max,149.6,150.22,0.62
Riad,149.72,150.75,1.03
Max,150.46,150.75,0.29
Kush,150.69,152.66,1.97
Alicia,150.72,152.64,1.92
Riad,150.93,151.8,0.87
Max,150.93,151.78,0.85
Riad,152.33,154.94,2.61
Max,152.81,153.75,0.94
Kush,153.49,154.48,0.99
Alicia,153.5,154.47,0.97
Max,154.36,154.94,0.58
Kush,154.91,155.4,0.49
Alicia,155.04,155.67,0.63
Riad,155.1,158.66,3.56
Max,155.51,156.07,0.56
Max,156.39,156.8,0.41
Alicia,156.8,157.12,0.32
Max,156.97,157.34,0.37
Kush,157.32,160.21,2.89
Alicia,157.32,158.93,1.61
Max,157.62,158.07,0.45
Max,158.32,158.68,0.36
Alicia,159.12,159.72,0.6
Riad,159.78,160.65,0.87
Max,159.78,160.11,0.33
Alicia,159.89,160.14,0.25
Kush,160.9,161.98,1.08
Alicia,160.94,161.5,0.56
Riad,161.54,163.22,1.68
Max,161.54,163.13,1.59
Alicia,161.77,161.98,0.21
Kush,162.19,162.54,0.35
Alicia,162.31,162.53,0.22
Alicia,163.19,163.44,0.25
Kush,163.22,164.08,0.86
Riad,163.5,164.79,1.29
Max,163.64,164.07,0.43
Alicia,163.81,164.04,0.23
Max,164.28,164.67,0.39
Kush,164.37,165.39,1.02
Alicia,164.38,165.37,0.99
Max,164.95,165.47,0.52
Riad,164.96,167.27,2.31
Max,165.91,167.22,1.31
Kush,166.95,168.48,1.53
Alicia,166.95,168.18,1.23
Max,168.14,168.89,0.75
Riad,168.15,168.88,0.73
Kush,168.69,168.96,0.27
Alicia,168.69,168.97,0.28
Max,169.61,169.88,0.27
Riad,169.63,169.86,0.23
Alicia,169.94,171.68,1.74
Kush,170.23,171.54,1.31
Riad,170.68,171.46,0.78
Max,170.78,171.43,0.65
Max,171.78,171.99,0.21
Alicia,171.93,172.6,0.67
Kush,172.14,172.6,0.46
Riad,172.56,173.75,1.19
Max,172.63,173.67,1.04
Kush,173.4,174.96,1.56
Alicia,173.63,174.94,1.31
Riad,174.02,174.76,0.74
Max,174.02,175.7,1.68
Riad,175.12,175.66,0.54
Kush,175.27,176.08,0.81
Alicia,175.34,176.08,0.74
Max,175.91,176.44,0.53
Riad,175.92,176.44,0.52
Riad,176.64,177.03,0.39
Max,176.64,177.03,0.39
Alicia,176.78,179.04,2.26
Kush,176.92,179.33,2.41
Riad,177.7,178.12,0.42
Max,177.7,178.15,0.45
Riad,178.4,178.86,0.46
Max,178.4,178.88,0.48
Alicia,179.21,179.63,0.42
Riad,179.8,180.46,0.66
Max,179.8,180.49,0.69
Alicia,180.14,180.43,0.29
Alicia,181.23,182.23,1.0
Kush,181.68,182.2,0.52
Max,181.72,182.22,0.5
Riad,181.81,182.14,0.33
Max,182.86,183.09,0.23
Kush,183.63,183.91,0.28
Max,183.72,184.29,0.57
Riad,183.74,184.05,0.31
Kush,184.2,184.73,0.53
Alicia,184.24,184.68,0.44
Riad,184.64,187.44,2.8
Max,184.7,185.21,0.51
Max,185.37,185.81,0.44
Kush,186.28,186.92,0.64
Alicia,186.3,186.83,0.53
Max,186.92,187.41,0.49
Kush,187.71,190.44,2.73
Alicia,187.95,189.78,1.83
Riad,188.5,188.7,0.2
Max,188.93,189.3,0.37
Riad,189.46,191.58,2.12
Max,189.61,190.48,0.87
Max,190.66,191.3,0.64
Kush,190.94,191.57,0.63
Alicia,190.94,191.33,0.39
Alicia,191.93,193.13,1.2
Kush,191.99,192.58,0.59
Max,192.21,193.48,1.27
Kush,192.8,193.24,0.44
Riad,192.85,193.12,0.27
Kush,193.66,197.43,3.77
Alicia,193.67,195.2,1.53
Max,194.51,195.26,0.75
Riad,194.52,195.24,0.72
Alicia,195.43,197.05,1.62
Riad,195.7,195.98,0.28
Max,195.7,195.98,0.28
Riad,196.27,196.48,0.21
Max,196.27,197.81,1.54
Kush,197.95,198.61,0.66
Alicia,198.3,198.57,0.27
Riad,198.68,200.24,1.56
Max,198.72,199.04,0.32
Kush,198.99,200.65,1.66
Alicia,199.01,199.76,0.75
Max,199.39,199.63,0.24
Max,199.79,200.14,0.35
Alicia,199.99,200.58,0.59
Max,200.67,200.89,0.22
Riad,200.73,200.94,0.21
Kush,201.15,202.25,1.1
Alicia,201.15,201.98,0.83
Riad,201.64,202.22,0.58
Max,201.64,202.4,0.76
Max,202.7,203.27,0.57
Riad,202.71,203.08,0.37
Alicia,202.98,203.74,0.76
Riad,203.45,203.71,0.26
Kush,203.52,204.08,0.56
Riad,204.04,204.49,0.45
Max,204.06,204.62,0.56
Max,204.97,205.53,0.56
Alicia,205.96,206.25,0.29
Max,206.31,206.78,0.47
Alicia,206.66,206.87,0.21
Kush,207.21,207.82,0.61
Max,207.55,209.11,1.56
Riad,207.76,208.31,0.55
Kush,208.03,208.58,0.55
Alicia,208.04,208.39,0.35
Riad,208.53,209.11,0.58
Alicia,209.29,210.12,0.83
Kush,209.38,211.26,1.88
Max,209.43,209.66,0.23
Riad,209.9,212.84,2.94
Max,209.91,210.65,0.74
Alicia,211.35,211.61,0.26
Kush,211.48,212.34,0.86
Max,211.89,212.3,0.41
Alicia,212.59,212.9,0.31
Max,212.64,212.89,0.25
Kush,212.86,214.15,1.29
Max,213.08,214.08,1.0
Alicia,213.16,213.46,0.3
Riad,213.4,214.49,1.09
Alicia,214.1,214.83,0.73
Kush,214.64,217.58,2.94
Riad,215.0,218.08,3.08
Max,215.08,215.41,0.33
Alicia,216.12,216.94,0.82
Max,216.74,217.45,0.71
Alicia,217.14,217.87,0.73
Max,217.66,217.86,0.2
Kush,217.85,218.3,0.45
Kush,219.05,220.02,0.97
Riad,219.56,220.53,0.97
Kush,220.48,221.42,0.94
Riad,221.0,221.37,0.37
Max,221.41,221.68,0.27
Riad,221.54,221.92,0.38
Kush,221.58,222.88,1.3
Alicia,222.0,222.3,0.3
Riad,222.09,223.04,0.95
Max,222.25,222.86,0.61
Kush,223.04,224.25,1.21
Riad,223.2,225.97,2.77
Kush,224.49,225.46,0.97
Alicia,224.63,225.04,0.41
Alicia,226.4,227.23,0.83
Max,226.92,227.6,0.68
Kush,227.3,228.06,0.76
Alicia,227.87,229.0,1.13
Riad,228.07,228.57,0.5
Max,228.39,228.94,0.55
Kush,228.47,229.02,0.55
Kush,229.55,229.87,0.32
Alicia,229.87,230.12,0.25
Riad,230.03,230.67,0.64
Max,230.35,230.57,0.22
Kush,230.68,231.29,0.61
Alicia,230.68,231.65,0.97
Max,230.96,232.16,1.2
Riad,231.19,231.78,0.59
Alicia,232.12,232.45,0.33
Max,232.59,232.96,0.37
Kush,232.68,233.6,0.92
Alicia,232.73,233.21,0.48
Riad,233.18,234.23,1.05
Max,233.19,233.46,0.27
Alicia,234.0,234.33,0.33
Alicia,234.56,234.97,0.41
Max,235.05,235.8,0.75
Kush,235.07,239.92,4.85
Riad,235.57,235.92,0.35
Riad,236.08,240.41,4.33
Alicia,236.28,236.52,0.24
Max,236.78,237.09,0.31
Alicia,237.12,237.41,0.29
Max,237.27,238.25,0.98
Alicia,237.57,237.8,0.23
Alicia,238.57,238.83,0.26
Kush,240.83,242.26,1.43
Riad,241.32,243.91,2.59
Kush,242.46,243.34,0.88
Alicia,242.57,242.83,0.26
Max,242.81,243.33,0.52
Riad,244.24,244.46,0.22
Kush,244.43,245.05,0.62
Riad,244.93,245.57,0.64
Kush,245.66,247.22,1.56
Alicia,245.93,246.78,0.85
Riad,246.16,247.67,1.51
Alicia,246.97,248.07,1.1
Kush,247.66,248.08,0.42
Riad,248.16,248.58,0.42
Max,248.18,248.58,0.4
Kush,248.38,249.12,0.74
Riad,248.8,249.72,0.92
Kush,249.46,249.76,0.3
Kush,249.92,251.0,1.08
Riad,249.99,250.26,0.27
Riad,250.43,252.63,2.2
Kush,251.26,252.16,0.9
Alicia,252.28,253.05,0.77
Kush,252.38,253.1,0.72
Riad,252.87,253.61,0.74
Kush,253.53,253.74,0.21
Kush,254.02,255.24,1.22
Riad,254.03,254.24,0.21
Alicia,254.09,254.4,0.31
Riad,254.52,255.8,1.28
Kush,255.46,256.51,1.05
Riad,255.96,257.3,1.34
Max,256.22,256.46,0.24
Max,256.84,257.3,0.46
Kush,257.63,259.4,1.77
Riad,257.92,259.04,1.12
Alicia,258.03,258.52,0.49
Alicia,259.2,259.44,0.24
Kush,259.6,260.85,1.25
Max,259.69,259.91,0.22
Alicia,259.7,260.9,1.2
Riad,260.11,261.39,1.28
Max,260.21,261.42,1.21
Max,261.71,262.01,0.3
Kush,262.24,262.5,0.26
Kush,263.39,263.74,0.35
Alicia,263.41,263.73,0.32
Riad,263.87,264.27,0.4
Max,263.99,264.24,0.25
Riad,264.94,265.21,0.27
Riad,265.66,265.93,0.27
Kush,265.7,266.25,0.55
Max,266.0,267.15,1.15
Riad,266.41,266.64,0.23
Kush,267.18,267.81,0.63
Alicia,267.18,267.82,0.64
Riad,267.61,268.32,0.71
Max,267.72,268.36,0.64
Riad,268.53,268.85,0.32
Max,268.55,268.82,0.27
Kush,269.08,271.19,2.11
Alicia,269.11,273.47,4.36
Riad,269.19,269.61,0.42
Max,269.2,269.49,0.29
Max,269.77,272.9,3.13
Riad,270.08,272.81,2.73
Kush,271.35,273.46,2.11
Riad,273.1,273.75,0.65
Max,273.12,273.75,0.63
Kush,273.96,275.55,1.59
Alicia,274.06,274.91,0.85
Riad,274.32,275.78,1.46
Max,274.57,275.35,0.78
Alicia,275.13,275.41,0.28
Alicia,276.01,277.71,1.7
Kush,276.03,277.23,1.2
Max,276.43,277.89,1.46
Riad,276.46,277.39,0.93
Kush,277.44,277.7,0.26
Riad,277.6,277.84,0.24
Riad,278.2,279.77,1.57
Kush,278.24,279.39,1.15
Alicia,278.83,279.29,0.46
Max,279.18,279.8,0.62
Kush,279.83,280.57,0.74
Alicia,279.83,280.57,0.74
Riad,280.85,282.1,1.25
Max,280.88,281.5,0.62
Kush,280.96,281.65,0.69
Alicia,280.96,282.09,1.13
Max,281.68,282.11,0.43
Kush,281.87,282.09,0.22
Kush,282.52,283.25,0.73
Alicia,282.71,283.25,0.54
Riad,282.85,283.08,0.23
Max,282.85,283.12,0.27
Alicia,284.53,284.82,0.29
Kush,284.55,284.8,0.25
Riad,284.99,285.31,0.32
Kush,285.26,286.62,1.36
Alicia,285.29,286.21,0.92
Riad,285.84,287.05,1.21
Max,285.97,286.23,0.26
Max,286.68,286.97,0.29
Riad,288.33,288.7,0.37
Kush,288.62,289.75,1.13
Alicia,288.65,289.59,0.94
Riad,289.4,290.09,0.69
Max,289.7,290.07,0.37
Kush,290.0,290.81,0.81
Alicia,290.39,290.61,0.22
Riad,290.58,291.65,1.07
Max,291.99,292.79,0.8
Riad,292.3,292.76,0.46
Max,292.97,294.09,1.12
Riad,292.99,293.27,0.28
Riad,293.71,294.25,0.54
Riad,294.53,296.21,1.68
Max,294.56,294.95,0.39
Alicia,294.89,295.26,0.37
Max,295.21,296.14,0.93
Riad,296.95,297.43,0.48
Max,296.97,297.46,0.49
Riad,297.62,299.43,1.81
Max,297.67,298.06,0.39
Alicia,297.91,298.13,0.22
Max,298.23,299.42,1.19
Riad,299.59,300.16,0.57
Max,299.66,300.33,0.67
Kush,300.45,301.33,0.88
Alicia,300.45,301.33,0.88
Riad,300.87,302.59,1.72
Max,301.03,302.55,1.52
Max,303.18,303.64,0.46
Riad,303.19,303.64,0.45
Riad,304.04,304.67,0.63
Riad,305.51,305.97,0.46
Max,305.54,305.94,0.4
Riad,307.12,307.77,0.65
Kush,307.2,308.16,0.96
Alicia,307.22,307.6,0.38
Alicia,307.83,308.42,0.59
Riad,308.71,309.59,0.88
Max,308.74,309.14,0.4
Kush,309.39,309.98,0.59
Alicia,309.65,309.89,0.24
Riad,309.99,312.06,2.07
Max,310.2,311.94,1.74
Alicia,310.53,311.21,0.68
Kush,311.49,312.36,0.87
Alicia,311.52,311.97,0.45
Riad,312.53,313.47,0.94
Max,312.65,313.51,0.86
Kush,313.32,313.58,0.26
Riad,313.72,314.13,0.41
Max,313.73,314.12,0.39
Kush,313.93,315.43,1.5
Alicia,313.94,315.42,1.48
Kush,315.62,317.03,1.41
Alicia,315.64,316.75,1.11
Max,316.36,317.04,0.68
Riad,316.37,318.37,2.0
Max,317.23,317.86,0.63
Max,318.02,318.3,0.28
Alicia,318.05,321.93,3.88
Kush,318.33,321.93,3.6
Riad,320.15,320.38,0.23
Max,320.16,320.38,0.22
Max,320.71,321.93,1.22
Riad,320.87,321.16,0.29
Riad,321.65,321.93,0.28
